﻿<?xml version="1.0" encoding="utf-8"?>
<grammar xml:lang="fr-FR" root="Expression" tag-format="semantics/1.0" version="1.0" xmlns="http://www.w3.org/2001/06/grammar">
<meta name="master" content="tkz" />

  <rule id="Expression" scope="public"> 
      <example>four plus seven</example>
      <example>four and seven</example>
      <example>how much is four multiplied by seven</example>
	      <tag>out.result="";out.comd="123"</tag>
  <!--  <tag>out.number1=0; out.operator = "";out.number2=0;</tag> -->
    <one-of>
      <item>exit</item>
      <item>
		<tag>out.result="";out.comd="NOMBRE1"</tag>
        <ruleref uri ="#Number" type="application/srgs+xml"/>
        <tag>out.result=rules.latest();out.cmd = out.comd;</tag>
<!--        <ruleref uri ="#Operator" type="application/srgs+xml"/> 
        <tag>out.operator=rules.latest();</tag>
        <ruleref uri ="#Number" type="application/srgs+xml"/>
        <tag>out.number2=rules.latest();</tag>
		-->
      </item>
      <item>
		<tag>out.result="";out.comd="NOMBRE2"</tag>
        <ruleref uri ="#Number1" type="application/srgs+xml"/>
        <tag>out.result=rules.latest();out.cmd = out.comd;</tag>
<!--        <ruleref uri ="#Operator" type="application/srgs+xml"/> 
        <tag>out.operator=rules.latest();</tag>
        <ruleref uri ="#Number" type="application/srgs+xml"/>
        <tag>out.number2=rules.latest();</tag>
		-->
      </item>	  
    </one-of>
  </rule>

  <rule id="Number">
    <one-of>
      <item> zéro <tag>out = "0"; </tag> </item>
      <item> un <tag>out = "1"; </tag> </item>
      <item> deux <tag>out = "2"; </tag> </item>
      <item> three <tag>out = 3; </tag> </item>
      <item> four <tag>out = 4; </tag> </item>
      <item> five <tag>out = 5; </tag> </item> 
      <item> six <tag>out = 6; </tag> </item>
      <item> seven <tag>out = 7; </tag> </item>
      <item> eight <tag>out = 8; </tag> </item>
      <item> nine <tag>out = 9; </tag> </item>
      <item> ten <tag>out = 10; </tag> </item>
      <item> eleven <tag>out = 11; </tag> </item>
      <item> twelve <tag>out = 12; </tag> </item>
      <item> thirteen <tag>out = 13; </tag> </item>
      <item> fourteen <tag>out = 14; </tag> </item>
      <item> fifteen <tag>out = 15; </tag> </item>
      <item> sixteen <tag>out = 16; </tag> </item>
      <item> seventeen <tag>out = 17; </tag> </item>
      <item> eighteen <tag>out = 18; </tag> </item>
      <item> nineteen <tag>out = 19; </tag> </item>
      <item> twenty <tag>out = 20; </tag> </item>
    </one-of> 
  </rule>

  
    <rule id="Number1">
    <one-of>
      <item> three <tag>out = 3; </tag> </item>
      <item> four <tag>out = 4; </tag> </item>
      <item> five <tag>out = 5; </tag> </item> 
      <item> six <tag>out = 6; </tag> </item>
      <item> seven <tag>out = 7; </tag> </item>
      <item> eight <tag>out = 8; </tag> </item>
      <item> nine <tag>out = 9; </tag> </item>
      <item> ten <tag>out = 10; </tag> </item>
      <item> eleven <tag>out = 11; </tag> </item>
      <item> twelve <tag>out = 12; </tag> </item>
      <item> thirteen <tag>out = 13; </tag> </item>
      <item> fourteen <tag>out = 14; </tag> </item>
      <item> fifteen <tag>out = 15; </tag> </item>
      <item> sixteen <tag>out = 16; </tag> </item>
      <item> seventeen <tag>out = 17; </tag> </item>
      <item> dix-huit <tag>out = "18"; </tag> </item>
      <item> dix-neuf <tag>out = "19"; </tag> </item>
      <item> vingt <tag>out = "20"; </tag> </item>
    </one-of> 
  </rule>
  
  <rule id="Operator">
    <one-of>
      <item> plus <tag>out = "+"; </tag> </item>
      <item> et <tag>out = "+"; </tag> </item>
      <item> minus <tag>out = "-"; </tag> </item>
      <item> times <tag>out = "*"; </tag> </item>
      <item> multiplied by <tag>out = "*"; </tag> </item>
      <item> divided by <tag>out = "/"; </tag> </item>
    </one-of> 
  </rule>
</grammar>
