﻿<?xml version="1.0" encoding="utf-8"?>
<grammar xml:lang="fr-FR" root="general" tag-format="semantics/1.0" version="1.0" xmlns="http://www.w3.org/2001/06/grammar">
<meta name="master" content="tkz" />
	<rule id="general" scope="public">
	      
		<one-of>
		<item><ruleref uri="#commandes" /><tag> out.result=rules.latest(); </tag></item>
<!--		<item><ruleref uri="#radio" /><tag> $.result=$$; </tag></item> -->
		<item>
		<tag>out.result=""; </tag> <ruleref uri="#CallRADIO" type="application/srgs+xml"/> <tag> out.result=rules.latest();</tag> </item>			
        </one-of>
  	</rule>

  	<rule id="commandes" scope="private">
    	<one-of>
      	<item> Activer les ordres vocaux <tag> $="speech.setCFG(['*'], True)"; </tag></item>
      	<item> Stopper tout <tag> $="speech.setCFG(['*'], False)"; </tag></item>
      	<item> Activer C D U <tag> $="speech.setCFG(['cdu'], True)"; </tag></item>
      	<item> centrer le TIR <tag> $="k.setPressed(tircentre)"; </tag></item>
      	<item> pauser le TIR <tag> $="k.setPressed(tirpause)"; </tag></item>
      	<item> réglage TACANE <tag> $="tacan()"; </tag></item>
      	<item> réglage I L S <tag> $="ils()"; </tag></item> 
      	<item> réglage VHF ALPHA<tag> $="vhf('AM')"; </tag></item>      	     	     	
      	</one-of>
  	</rule>
<!--	
   	<rule id="radio" scope="private"> 	
   		<one-of>
      	<item> RADIO F<tag> $="radio(v, 5)"; </tag></item>
      	<item> RADIO A <tag> $="radio(v, 3)"; </tag></item>
      	<item> RADIO U <tag> $=1; </tag></item>
      	<item> F un <tag> $="radio(k,54)"; </tag></item>
      	<item> F deux <tag> $="radio(k, 55)"; </tag></item>
      	<item> F trois <tag> $="radio(k, 56)"; </tag></item>
      	<item> F quatre <tag> $="radio(k, 57)"; </tag></item>
      	<item> F cinq <tag> $="radio(k, 58)"; </tag></item>
      	<item> F six <tag> $="radio(k, 59)"; </tag></item>
      	<item> F sept <tag> $="radio(k, 60)"; </tag></item>
      	<item> F huit <tag> $="radio(k, 61)"; </tag></item>
      	<item> F neuf <tag> $="radio(k, 62)"; </tag></item>
      	<item> F dix <tag> $="radio(k, 63)"; </tag></item>
      	<item> F onze <tag> $="radio(k, 64)"; </tag></item>
      	<item> F douze <tag> $="radio(k, 65)"; </tag></item>      	
      	<item> RADIO PRECEDENT <tag> $="radio(k, 64)"; </tag></item>     	
      	<item> RADIO FIN <tag> $="radio(k, 65)"; </tag></item>   	
        </one-of>
  	</rule>
-->
	<rule id="CallRADIO" scope="private">
		<item> RADIO </item>
		<one-of>
		<item>
			<ruleref uri="#OpenFRQ"/><tag> out = "VZ0;" + rules.OpenFRQ; </tag>
		</item>
		<item>
			<ruleref uri="#RadioMENU"/>
			<tag> out ="KZ;" + rules.latest();</tag>
		</item>
<!--		<item>
			<item> RADIO </item>
			<ruleref uri="#OpenFRQ"/><tag> $ = 'RADIO ' + $$; </tag>
		</item>
		<item>
			<item> FOX </item>
			<ruleref uri="#RadioMENU"/><tag> $ = 'F' + $$; </tag>
		</item>
-->
		</one-of>		
	</rule>
	
	<rule id="OpenFRQ" scope = "private">
		<one-of>
		<item> FOX <tag> out = "FM"; </tag> </item>
		<item> ALPHA <tag> out = "AM"; </tag> </item>
		<item> UNIFORME <tag> out = "UHF"; </tag> </item>
		</one-of>
	</rule>

	<rule id="RadioMENU" scope = "private">
		<one-of>
     	<item> un <tag> out ="54"; </tag></item>
      	<item> deux <tag> out ="55"; </tag></item>
      	<item> trois <tag> out ="56"; </tag></item>
      	<item> quatre <tag> $="4"; </tag></item>
      	<item> cinq <tag> $="5"; </tag></item>
      	<item> six <tag> $="6"; </tag></item>
      	<item> sept <tag> $="7"; </tag></item>
      	<item> huit <tag> $="8"; </tag></item>
      	<item> neuf <tag> $="9"; </tag></item>
      	<item> dix <tag> $="10"; </tag></item>
      	<item> onze <tag> $="64"; </tag></item>
      	<item> douze <tag> $="65"; </tag></item> 
		</one-of>
	</rule>


</grammar>