identifier|category|description|control type|physical variant|momentary pos|o[0] address [descript] [Data Type : Max Val] [Mask : Shift] [type : suffix]|o[1] address [descript] [Data Type : Max Val] [Mask : Shift] [type : suffix]|i[0] argument [descript] [interface : Max Val]|i[1] argument [descript] [interface : Max Val]|i[2] argument [descript] [interface : Max Val]
_UPDATE_COUNTER|METADATA|UPDATE COUNTER|METADATA|||65534 [UPDATE COUNTER] [INTEGER_TYPE : 255 ][0XFF : 0][INTEGER : ]||||
_UPDATE_SKIP_COUNTER|METADATA|UPDATE SKIP COUNTER|METADATA|||65534 [UPDATE SKIP COUNTER] [INTEGER_TYPE : 255 ][0XFF00 : 8][INTEGER : ]||||
ALT_MSL_FT|ALTITUDE|ALTITUDE MSL (FT)|METADATA|||1032 [ALTITUDE MSL (FT)] [INTEGER_TYPE : 65535 ][0XFFFF : 0][INTEGER : ]||||
HDG_DEG|HEADING|HEADING (DEGREES)|METADATA|||1034 [HEADING (DEGREES)] [INTEGER_TYPE : 360 ][0X1FF : 0][INTEGER : ]||||
HDG_DEG_FRAC|HEADING|HEADING (FRACTIONAL DEGREES, DIVIDE BY 127)|METADATA|||1034 [HEADING (FRACTIONAL DEGREES, DIVIDE BY 127)] [INTEGER_TYPE : 127 ][0XFE00 : 9][INTEGER : ]||||
LAT_DEG|POSITION|LATITUDE DEGREES|METADATA|||1024 [LATITUDE DEGREES] [INTEGER_TYPE : 59 ][0X3F : 0][INTEGER : ]||||
LAT_SEC|POSITION|LATITUDE SECONDS|METADATA|||1024 [LATITUDE SECONDS] [INTEGER_TYPE : 59 ][0XFC0 : 6][INTEGER : ]||||
LAT_SEC_FRAC|POSITION|LATITUDE FRACTIONAL SECONDS (DIVIDE BY 65535)|METADATA|||1026 [LATITUDE FRACTIONAL SECONDS (DIVIDE BY 65535)] [INTEGER_TYPE : 65535 ][0XFFFF : 0][INTEGER : ]||||
LON_DEG|POSITION|LONGITUDE DEGREES|METADATA|||1028 [LONGITUDE DEGREES] [INTEGER_TYPE : 59 ][0X3F : 0][INTEGER : ]||||
LON_SEC|POSITION|LONGITUDE SECONDS|METADATA|||1028 [LONGITUDE SECONDS] [INTEGER_TYPE : 59 ][0XFC0 : 6][INTEGER : ]||||
LON_SEC_FRAC|POSITION|LONGITUDE FRACTIONAL SECONDS (DIVIDE BY 65535)|METADATA|||1030 [LONGITUDE FRACTIONAL SECONDS (DIVIDE BY 65535)] [INTEGER_TYPE : 65535 ][0XFFFF : 0][INTEGER : ]||||
