﻿<?xml version="1.0" encoding="utf-8"?>
<grammar xml:lang="fr-FR" root="general" tag-format="semantics-ms/1.0" version="1.0" xmlns="http://www.w3.org/2001/06/grammar">
<meta name="master" content="tkz" />
	<rule id="general" scope="public">
    	<ruleref uri="#commandes" />
    	<tag> $.result=$$; </tag>
  	</rule>

  	<rule id="commandes" scope="private">
    	<one-of>
      	<item> Activer les ordres vocaux <tag> $="speech.setCFG(['*'], True)"; </tag></item>
      	<item> Stopper tout <tag> $="speech.setCFG(['*'], False)"; </tag></item>
      	<item> Activer C D U <tag> $="speech.setCFG(['cdu'], True)"; </tag></item>
      	<item> Activer les vues <tag> $="k.setPressedNow([tirpause]); k.setPressed([Key.RightCtrl, Key.NumberPad0])"; </tag></item>
		<item> Activer les vues <tag> $="KZ:69!KZ:116:89"; </tag></item>
      	<item> Stopper les vues <tag> $="k.setPressedNow([Key.RightCtrl, Key.NumberPad0]); k.setPressed(tirpause)"; </tag></item>
      	<item> vue gauche <tag> $="k.setPressed(Key.NumberPad4)"; </tag></item>
      	<item> vue droite <tag> $="k.setPressed(Key.NumberPad6)"; </tag></item>
      	<item> vue bas droite <tag> $="k.setPressed(Key.NumberPad3)"; </tag></item>
      	<item> vue bas gauche <tag> $="k.setPressed(Key.NumberPad1)"; </tag></item>
      	<item> écran gauche <tag> $="k.setPressedLater([Key.H], 500, 1)"; </tag></item>
      	<item> écran droit <tag> $="k.setPressedLater([Key.K], 500, 2)"; </tag></item>
      	<item> écran central <tag> $="k.setPressed(Key.U)"; </tag></item>
      	<item> caméra écran droit <tag> $="camera(Key.NumberPad6)"; </tag></item>
      	<item> caméra écran gauche <tag> $="camera(Key.NumberPad4)"; </tag></item>
      	<item> centrer le TIR <tag> $="k.setPressed(tircentre)"; </tag></item>
      	<item> pauser le TIR <tag> $="k.setPressed(tirpause)"; </tag></item>
      	</one-of>
  	</rule>	

  <rule id="PlayCard" scope="public">
    <example> please play the red queen </example>
    <example> play the ace </example>
    <example> play the five of diamonds please </example>

		<item repeat="0-1"> s'il vous plait </item>
		<item> joue </item>
		<ruleref uri="#Rank"/>
		<tag> $.result = rules.Rank; </tag>
		<item repeat="0-1"> s'il vous plait </item>
	</rule>
  
	<rule id="Rank"> scope private
    <example> as </example> 
    <example> cinq </example> 
    <example> roi </example> 
    <example> jack </example> 

		<one-of>
		<item> as <tag> $ = "1"; </tag> </item>
		<item> deux <tag> out = 2; </tag> </item>
		<item> trois <tag> out = 3; </tag> </item>
		<item> quatre <tag> out = 4; </tag> </item>
		<item> cinq <tag> out = 5; </tag> </item>
		<item> six <tag> $ = "6"; </tag> </item>
		<item> sept <tag> out = 7; </tag> </item>
		<item> huit <tag> out = 8; </tag> </item>
		<item> neuf <tag> out = 9; </tag> </item>
		<item> dix <tag> out = 10; </tag> </item>
		<item> valet <tag> out = 11; </tag> </item>
		<item> reine <tag> out = 12; </tag> </item>
		<item> roi <tag> $ = "13"; </tag> </item>
		<item> lady <tag> out = 12; </tag> </item>
		<item> emperor <tag> out = 13; </tag> </item>
		</one-of>
	</rule>
	
</grammar>