<?xml version="1.0" encoding="utf-8"?>
<grammar xml:lang="fr-FR" root="VXML_NUM" tag-format="semantics-ms/1.0" version="1.0" xmlns="http://www.w3.org/2001/06/grammar">
<meta name="number" content="tkz" />
	<rule id="VXML_NUM" scope="public">
	<tag>$.result="";</tag>
		<one-of>
			<item>
				<ruleref uri="#INTEGRAL_NUMB"/>
				<tag> $.result +=  $$;</tag>
			</item>
			<item>
				<ruleref uri="#JUST_FRAC"/>
				<tag> $.result = "0." + $$</tag>
			</item>
			<item>
				<ruleref uri="#INTEGRAL_AND_FRAC"/>
				<tag> $.result = '' + $$</tag>
			</item>
		</one-of>
	</rule>
	<rule id="INTEGRAL_NUMB" scope="public">
		<ruleref uri="#fullnumber"/>
		<tag>$ = $$</tag>
	</rule>
	<rule id="JUST_FRAC" scope="public">
		<item>
			<one-of>
				<item> point </item>
				<item> virgule </item>
			</one-of>
		</item>
		<ruleref uri="#DIGITS"/> <tag>$ = $$</tag>
	</rule>
	<rule id="INTEGRAL_AND_FRAC" scope="public">
		<item>
			<ruleref uri="#INTEGRAL_NUMB"/>	<tag> $ += $$</tag>
		</item>
		<item>
			<ruleref uri="#JUST_FRAC"/>	<tag> $ += '.' + $$</tag>
		</item>
	</rule>
	<rule id="fullnumber">
		<tag> $ = 0</tag>
		<one-of>
			<item>
				<!-- <item> -->
					<ruleref uri="#thousands"/> <tag>$ += $$</tag>
				<!-- </item>  -->
			</item>
			<item>
				<one-of>
					<item>
						<ruleref uri="#hundreds"/> <tag>$ += $$</tag> <item repeat="0-1"> <ruleref uri="#G1to100"/>	<tag>$ +=$$</tag> </item>
					</item>
					<item>
						<ruleref uri="#G1to100"/> <tag>$ += $$</tag>
					</item>
				</one-of>
			</item>
			<item>
				<!-- <item> -->
					<ruleref uri="#thousands"/> <tag>$ += $$</tag>
				<!-- </item> -->
				<one-of>
					<item>
						<ruleref uri="#hundreds"/> <tag>$ += $$</tag> <item repeat="0-1"> <ruleref uri="#G1to100"/> <tag>$ +=$$</tag> </item>
					</item>
					<item>
						<ruleref uri="#G1to100"/> <tag>$ += $$</tag>
					</item>
				</one-of>
			</item>
		</one-of>
	</rule>
	<rule id="G1to1000">
		<one-of>
			<item>
				<ruleref uri="#hundreds"/> <tag>$=$$</tag> <item repeat="0-1"> <ruleref uri="#G1to100"/> <tag>$ += $$</tag> </item>
			</item>
			<item>
				<ruleref uri="#G1to100"/> <tag>$=$$</tag>
			</item>
		</one-of>
	</rule>
	<rule id="G1to100">
		<one-of>
			<item>
				<ruleref uri="#G20to90"/> <tag>$=$$</tag>
				<item repeat="0-1"> et </item>
				<item repeat="0-1">	<ruleref uri="#G10to19"/> <tag>$ += $$</tag> </item>				
				<item repeat="0-1">	<ruleref uri="#G1to9"/> <tag>$ += $$</tag>	</item>
			</item>
			<item>
				<ruleref uri="#G10to19"/> <tag>$=$$</tag>
			</item>
			<item>
				<ruleref uri="#G1to9"/>	<tag>$=$$</tag>
			</item>
		</one-of>
	</rule>
	<rule id="G10to19">
		<one-of>
			<item> dix <tag>$ = 10</tag> </item>
			<item> onze <tag>$ = 11</tag> </item>
			<item> douze <tag>$ = 12</tag> </item>
			<item> treize <tag>$ = 13</tag> </item>
			<item> quatorze <tag>$ = 14</tag> </item>
			<item> quinze <tag>$ = 15</tag> </item>
			<item> seize <tag>$ = 16</tag> </item>
			<item> dix-sept <tag>$ = 17</tag> </item>
			<item> dix-huit <tag>$ = 18</tag> </item>
			<item> dix-neuf <tag>$ = 19</tag> </item>
		</one-of>
	</rule>
	<rule id="G20to90">
		<one-of>
			<item> vingt <tag>$ = 20</tag> </item>
			<item> trente <tag>$ = 30</tag> </item>
			<item> quarante <tag>$ = 40</tag> </item>
			<item> cinquante <tag>$ = 50</tag> </item>
			<item> soixante <tag>$ = 60</tag> </item>
			<item> quatre-vingt <tag>$ = 80</tag> </item>
		</one-of>
	</rule>
	<rule id="G1to9">
		<one-of>
			<item> un <tag>$ = 1</tag> </item>
			<item> deux <tag>$ = 2</tag> </item>
			<item> trois <tag>$ = 3</tag> </item>
			<item> quatre <tag>$ = 4</tag> </item>
			<item> cinq <tag>$ = 5</tag> </item>
			<item> six <tag>$ = 6</tag> </item>
			<item> sept <tag>$ = 7</tag> </item>
			<item> huit <tag>$ = 8</tag> </item>
			<item> neuf <tag>$ = 9</tag> </item>
			<item> zéro <tag>$ = 0</tag> </item>
		</one-of>
	</rule>
	<rule id="hundreds">
		<one-of>
			<item> cent <tag>$=100</tag> </item>
			<item> <ruleref uri="#G1to100"/> <item> cent </item> <tag>$ = ($$ * 100)</tag> </item>
		</one-of>
	</rule>
	<rule id="thousands">
		<one-of>
			<item> mille <tag>$=1000</tag> </item>
			<item> <ruleref uri="#G1to1000"/> <item> mille </item> <tag>$ = ($$ * 1000)</tag> </item>
		</one-of>
	</rule>
	<rule id="DIGITS">
		<!-- This allows digit strings of any length using number='1+' 
   The script concatentates all the digits into the variable V
  -->
		<item repeat="1-">
			<ruleref uri="#DIGIT"/>	<tag>$ += $$</tag>
		</item>
	</rule>
	<rule id="DIGIT">
		<one-of>
			<item> <ruleref uri="#ZERO"/> <tag>$ = $$</tag>	</item>
			<item> un <tag>$ =1</tag> </item>
			<item> deux <tag>$=2</tag> </item>
			<item> trois <tag>$=3</tag> </item>
			<item> quatre <tag>$='4'</tag> </item>
			<item> cinq <tag>$='5'</tag> </item>
			<item> six <tag>$='6'</tag> </item>
			<item> sept <tag>$='7'</tag> </item>
			<item> huit <tag>$='8'</tag> </item>
			<item> neuf <tag>$='9'</tag> </item>
		</one-of>
	</rule>
	<rule id="ZERO">
		<one-of>
			<item> nul <tag>$ = '0'</tag> </item>
			<item> zéro <tag>$ = '0'</tag> </item>
		</one-of>
	</rule>
</grammar>